<control name="Segoe" type="topic">
	<font source="segoeui" type="Segoe UI" size="8" bold="0"/>
	<forecolor red="0" green="0" blue="0" />
	<settings name="alignment" value="left"/>
	<settings name="auto-scroll" value="no"/>
</control>

<control name="segoe7bold" type="topic">
	<font source="segoeui" type="SegoeUI" size="7" bold="0" />
	<forecolor red="0" green="0" blue="0" />
	<settings name="alignment" value="left"/>
	<settings name="auto-scroll" value="no"/>
</control>

<control name="panelheadfont" type="topic">
	<font source="segoeui" type="Segoe UI" size="9" bold="1" allcaps="0"/>
	<forecolor red="59" green="70" blue="92" filter_source="hueshift"/>
	<settings name="alignment" value="left"/>
	<settings name="auto-scroll" value="no"/>
</control>

<control name="templatebuttonfont" type="topic">
	<font source="segoeui" type="Segoe UI" size="9" bold="0" allcaps="0" />
	<forecolor red="0" green="0" blue="0" />
	<color name="normal-fore" red="0" green="0" blue="0" />
	<color name="over-fore" red="0" green="0" blue="0" />
	<color name="push-fore" red="0" green="0" blue="0" />
	<color name="disabled-fore" red="131" green="131" blue="131" />
	<settings name="alignment" value="center"/>
	<settings name="auto-scroll" value="no"/>
	<settings name="vertical-alignment" value="center"/>
</control>

<control name="segoe10b" type="topic">
	<font source="segoeui" type="Segoe UI" size="10" bold="1"/>
	<forecolor red="255" green="255" blue="255"/>
	<settings name="alignment" value="left"/>
	<settings name="auto-scroll" value="no"/>
</control>

<control name="segoe10" type="topic">
	<font source="segoeui" type="Segoe UI" size="10" bold="0"/>
	<forecolor red="0" green="0" blue="0" />
	<settings name="alignment" value="left"/>
	<settings name="auto-scroll" value="no"/>
</control>

<control name="consoletext-left" type="topic">
	<font source="segoeui" type="Segoe UI" size="9" bold="0" italic="0"/>
	<forecolor red="29" green="58" blue="87" />
	<settings name="alignment" value="left"/>
	<settings name="auto-scroll" value="no"/>
	<settings name="vertical-alignment" value="center"/>
</control>

<control name="consoletext-right" type="topic">
	<font source="segoeui" type="Segoe UI" size="9" bold="0" italic="0"/>
	<forecolor red="29" green="58" blue="87" />
	<settings name="alignment" value="right"/>
	<settings name="auto-scroll" value="no"/>
	<settings name="vertical-alignment" value="center"/>
</control>

<control name="tooltipinfolistheader" type="tooltip">
	<font source="segoeui" type="Segoe UI" size="8" bold="1" italic="0" allcaps="0"/>
	<forecolor red='76' green='109' blue='140' filter_source="hueshift"/>
	<settings name="alignment" value="right"/>
	<settings name="vertical-alignment" value="center"/>
	<settings name="auto-scroll" value="no"/>
</control>

<control name="twitterinfolistheader" type="tooltip">
	<font source="segoeui" type="Segoe UI" size="7" bold="0" italic="0" allcaps="0"/>
	<forecolor red="120" green="120" blue="120"  />
	<settings name="alignment" value="left"/>
	<settings name="vertical-alignment" value="center"/>
	<settings name="auto-scroll" value="no"/>
</control>

<control name="topicinfolistheader" type="topic">
	<font source="segoeui" type="Segoe UI" size="8" bold="1" italic="0" allcaps="0"/>
	<forecolor red='76' green='109' blue='140' filter_source="hueshift"/>
	<settings name="alignment" value="right"/>
	<settings name="vertical-alignment" value="center"/>
	<settings name="auto-scroll" value="no"/>
</control>

<control name="tooltipinfolistheader-long" type="tooltip">
	<font source="segoeui" type="Segoe UI" size="8" bold="1" italic="0" allcaps="0"/>
	<forecolor red='76' green='109' blue='140' filter_source="hueshift"/>
	<settings name="alignment" value="left"/>
	<settings name="vertical-alignment" value="center"/>
	<settings name="auto-scroll" value="no"/>
</control>

<control name="tooltipinfolistvalue" type="tooltip">
	<font source="segoeui" type="Segoe UI" size="9" bold="0" italic="0" allcaps="0"/>
	<forecolor red="0" green="0" blue="0" />
	<color name="url-fore" red="79" green="129" blue="189"/>
	<settings name="alignment" value="left"/>
	<settings name="vertical-alignment" value="center"/>
	<settings name="auto-scroll" value="no"/>
</control>

<control name="topicinfolistvalue" type="topic">
	<font source="segoeui" type="Segoe UI" size="9" bold="0" italic="0" allcaps="0"/>
	<forecolor red="0" green="0" blue="0" />
	<color name="url-fore" red="79" green="129" blue="189"/>
	<settings name="alignment" value="left"/>
	<settings name="vertical-alignment" value="center"/>
	<settings name="auto-scroll" value="no"/>
</control>

<control name="topicSubtitle" type="tooltip">
	<font source="segoeui" type="Segoe UI" size="7" bold="0" italic="0" allcaps="0"/>
	<forecolor red="102" green="102" blue="102"/>
	<color name="url-fore" red="79" green="129" blue="189"/>
	<settings name="alignment" value="left"/>
	<settings name="auto-scroll" value="no"/>
	<settings name="vertical-alignment" value="center"/>
</control>
